claim_id,employee_id,injury_type,application_start,application_end
1,50,Vision Loss,2022-03-14,2023-03-14
2,121,Knee Injury,2018-12-16,
3,276,Back Injury,2022-03-07,2022-12-30
4,70,Knee Injury,2024-04-19,2025-04-11
5,199,Back Injury,2022-09-29,2023-10-17
6,233,Other,2024-09-25,2024-12-01
7,233,Vision Loss,2023-09-10,2024-08-25
8,190,Repetitive Strain,2019-03-20,2020-01-12
9,344,Shoulder Injury,2021-02-15,2021-10-06
10,381,Shoulder Injury,2024-12-21,2025-11-29
11,381,Hearing Loss,2018-04-18,2019-04-03
12,357,Repetitive Strain,2021-01-24,2021-07-15
13,277,Respiratory,2020-01-14,2020-11-12
14,215,Shoulder Injury,2018-05-06,
15,301,Repetitive Strain,2022-09-16,2022-12-19
16,392,Other,2021-08-21,2022-06-21
17,373,Other,2018-08-04,2019-09-08
18,80,Respiratory,2018-12-01,2019-11-18
19,213,Shoulder Injury,2022-12-16,2023-04-19
20,336,Other,2022-10-27,
21,51,Respiratory,2021-06-17,
22,251,Hearing Loss,2018-08-13,
23,251,Hearing Loss,2020-05-15,2020-10-06
24,316,Cardiac,2018-02-01,2018-09-23
25,209,Shoulder Injury,2023-12-22,2024-09-17
26,144,Back Injury,2021-12-21,
27,17,Other,2023-02-27,2023-08-20
28,354,Hearing Loss,2022-07-15,2023-02-27
29,394,Other,2018-03-27,2018-07-06
30,112,Knee Injury,2022-01-22,
31,228,Respiratory,2024-08-09,2024-10-02
32,386,Knee Injury,2021-10-22,2022-01-30
33,386,Shoulder Injury,2023-09-22,2024-07-03
34,399,Cardiac,2021-12-02,2022-11-11
35,186,Other,2019-08-23,2019-12-03
36,382,Vision Loss,2018-11-05,2019-10-06
37,352,Other,2024-04-28,2024-12-27
38,189,Repetitive Strain,2021-08-16,2022-07-17
39,279,Hearing Loss,2018-10-07,2019-09-09
40,331,Shoulder Injury,2024-08-19,
41,184,Repetitive Strain,2023-03-07,2023-04-19
42,32,Other,2018-11-11,2019-01-10
43,204,Back Injury,2022-04-24,2023-02-15
44,142,Other,2024-05-30,2024-11-24
45,98,Knee Injury,2019-09-10,2020-05-11
46,63,Shoulder Injury,2021-11-07,2022-01-03
47,395,Vision Loss,2018-06-10,2019-02-03
48,47,Hearing Loss,2024-11-02,2025-05-25
49,340,Repetitive Strain,2021-10-17,2021-11-26
50,109,Hearing Loss,2019-01-23,2019-08-22
51,329,Knee Injury,2024-10-04,2025-04-06
52,328,Respiratory,2019-08-03,2020-01-22
53,306,Repetitive Strain,2018-12-14,2019-07-08
54,11,Respiratory,2023-11-27,
55,26,PTSD,2018-03-16,2018-06-30
56,171,Cardiac,2023-06-15,2023-09-07
57,125,Shoulder Injury,2019-02-19,2019-12-06
58,65,Cardiac,2021-10-11,2022-09-06
59,290,Other,2019-09-24,2020-09-26
60,106,Respiratory,2019-11-10,2019-12-16
61,36,Hearing Loss,2020-08-30,2021-07-22
62,284,Hearing Loss,2023-01-13,2023-05-29
63,107,Repetitive Strain,2023-04-06,2023-07-28
64,107,Hearing Loss,2024-05-25,2025-01-30
65,388,PTSD,2023-08-22,2023-11-26
66,111,Vision Loss,2019-07-21,2019-08-30
67,120,Shoulder Injury,2024-03-21,2025-04-03
68,120,Hearing Loss,2019-05-26,2019-08-30
69,169,Respiratory,2023-10-04,
70,76,Back Injury,2020-06-28,2021-01-06
71,368,Respiratory,2022-06-12,2022-10-24
72,2,Knee Injury,2022-03-16,2022-09-09
73,2,Back Injury,2021-10-05,2021-12-28
74,361,Vision Loss,2023-04-20,2023-07-14
75,75,Hearing Loss,2018-01-22,2018-02-14
76,67,Other,2019-09-05,2020-09-25
77,390,Hearing Loss,2019-04-01,2019-08-14
78,129,Vision Loss,2020-09-03,2021-08-01
79,90,Shoulder Injury,2023-08-10,2023-09-01
80,57,Other,2019-08-12,2019-08-26
81,14,Knee Injury,2024-05-26,2025-05-15
82,68,Shoulder Injury,2022-01-17,
83,8,Vision Loss,2023-09-11,2024-04-11
84,364,Back Injury,2022-05-04,2022-09-24
85,122,Knee Injury,2018-10-04,2019-10-28
86,302,Repetitive Strain,2021-09-23,
87,166,Vision Loss,2019-12-19,2020-12-17
88,9,Knee Injury,2023-05-15,2023-08-06
89,9,PTSD,2023-02-18,
90,376,Hearing Loss,2020-03-28,2020-09-19
91,136,PTSD,2024-02-03,2024-03-06
92,27,Hearing Loss,2018-07-15,2019-01-14
93,347,Vision Loss,2022-02-16,2022-09-22
94,216,Vision Loss,2022-05-03,2022-08-20
95,216,Hearing Loss,2023-07-31,2024-05-05
96,270,Other,2022-10-05,
97,59,Knee Injury,2020-01-10,2020-07-06
98,59,Hearing Loss,2018-11-24,2019-05-08
99,33,Repetitive Strain,2022-10-12,2023-06-10
100,244,Hearing Loss,2021-12-15,2022-08-08
101,230,Respiratory,2018-08-23,
102,370,Other,2019-10-18,2020-01-13
103,263,Knee Injury,2022-11-30,
104,304,Back Injury,2022-02-09,2022-12-10
105,56,Vision Loss,2023-01-17,2023-08-09
106,232,Repetitive Strain,2024-06-08,
107,258,Back Injury,2021-02-15,2021-04-28
108,114,Knee Injury,2023-08-07,2024-06-03
109,23,Other,2020-12-02,2021-04-04
110,267,Knee Injury,2023-07-05,2023-09-26
111,155,Repetitive Strain,2022-12-29,2023-12-27
112,235,Hearing Loss,2018-09-23,2019-03-04
113,16,PTSD,2019-12-15,2020-09-14
114,16,PTSD,2019-05-13,2019-08-06
115,363,Repetitive Strain,2018-04-18,2019-02-19
116,246,Knee Injury,2024-03-09,
117,206,Vision Loss,2022-06-19,2023-07-06
118,219,Cardiac,2022-08-05,2022-09-25
119,383,Shoulder Injury,2018-10-31,2019-10-28
120,383,Shoulder Injury,2021-11-12,
121,252,Respiratory,2020-01-16,2020-04-05
122,372,Cardiac,2018-08-15,2019-05-21
123,38,PTSD,2019-10-26,2020-11-06
124,42,Hearing Loss,2023-10-27,2023-12-20
125,165,Hearing Loss,2024-03-06,2025-02-03
126,337,Other,2019-01-18,2019-04-28
127,34,Other,2019-09-24,2020-08-22
128,34,Back Injury,2021-10-14,2022-08-12
129,380,Other,2018-04-27,
130,141,Other,2020-05-13,2020-12-26
131,281,Hearing Loss,2023-08-02,2024-05-21
132,167,Respiratory,2021-05-22,2022-05-21
133,196,Vision Loss,2018-10-26,2019-01-28
134,272,Cardiac,2023-03-18,2024-02-05
135,151,Respiratory,2021-07-31,2022-02-06
136,358,Repetitive Strain,2022-02-26,2022-05-05
137,259,Cardiac,2019-05-17,2019-10-04
138,221,Respiratory,2021-04-03,2022-02-26
139,369,Repetitive Strain,2019-10-17,2020-08-21
140,313,Vision Loss,2019-10-15,2020-07-18
141,356,Respiratory,2021-06-17,2021-08-16
142,398,Back Injury,2020-09-13,2021-03-26
143,305,Vision Loss,2023-07-21,2024-07-03
144,117,Cardiac,2018-02-03,2018-09-25
145,212,Back Injury,2022-02-07,2022-08-27
146,212,Shoulder Injury,2022-06-29,
147,174,Shoulder Injury,2024-03-16,2024-10-13
148,278,Other,2024-03-02,2025-01-29
149,205,Shoulder Injury,2019-02-01,2019-08-07
150,384,Respiratory,2019-08-14,2020-05-14
151,384,Back Injury,2023-08-11,
152,49,Vision Loss,2021-09-26,2022-07-02
153,161,Other,2023-10-13,
154,294,Hearing Loss,2022-05-29,2023-06-25
155,308,Vision Loss,2023-09-09,2024-06-21
