employee_id,department_id,service_credit,age
1,5,4.9,62
2,2,4.6,37
3,9,29.8,65
4,1,5.5,27
5,4,0.9,23
6,9,21.9,54
7,9,11.6,34
8,10,7.0,48
9,1,17.1,39
10,7,32.3,70
11,4,7.3,43
12,2,13.8,70
13,6,3.2,46
14,1,10.9,60
15,2,18.6,68
16,5,2.7,46
17,6,24.9,62
18,2,8.1,58
19,5,4.1,24
20,2,7.8,27
21,6,8.1,46
22,4,5.5,32
23,2,11.0,64
24,9,25.6,60
25,8,10.2,68
26,9,7.9,46
27,1,12.5,36
28,6,14.9,36
29,4,8.1,47
30,6,35.1,58
31,7,11.3,35
32,5,18.6,63
33,9,3.3,30
34,10,10.4,56
35,7,27.9,49
36,3,6.3,45
37,1,18.0,54
38,3,2.1,29
39,2,17.2,65
40,8,11.0,46
41,9,9.7,55
42,2,2.9,22
43,5,35.4,65
44,5,13.9,63
45,1,5.3,49
46,5,35.1,68
47,9,27.5,54
48,5,8.8,28
49,4,20.6,62
50,3,5.2,31
51,9,36.3,56
52,8,2.6,22
53,6,1.0,23
54,4,5.9,41
55,2,37.9,58
56,2,19.7,68
57,3,21.5,70
58,9,8.1,30
59,10,4.1,32
60,9,29.9,49
61,4,29.3,70
62,6,12.8,67
63,8,28.8,50
64,2,3.1,29
65,9,1.0,43
66,1,10.8,36
67,1,5.8,26
68,1,1.7,36
69,4,2.2,43
70,4,14.2,39
71,10,5.5,56
72,8,19.2,58
73,2,6.1,48
74,7,17.5,64
75,1,14.3,48
76,2,26.3,65
77,6,3.1,25
78,4,2.9,28
79,7,17.3,56
80,4,4.5,33
81,9,3.8,26
82,9,1.0,28
83,4,3.9,22
84,8,6.0,32
85,1,14.8,35
86,7,5.6,32
87,8,18.6,38
88,9,9.6,40
89,3,28.9,64
90,1,5.1,34
91,1,29.6,59
92,1,12.9,69
93,9,19.3,59
94,9,1.3,32
95,2,7.7,27
96,4,3.2,60
97,10,3.9,47
98,1,11.2,37
99,10,3.7,61
100,5,21.1,58
101,6,11.6,35
102,3,5.4,37
103,8,26.0,64
104,2,22.3,42
105,10,2.1,22
106,4,1.2,28
107,6,9.9,54
108,6,7.1,26
109,9,3.9,40
110,9,12.4,67
111,9,2.8,22
112,2,21.5,41
113,2,3.5,30
114,5,22.4,69
115,6,13.5,40
116,5,11.8,35
117,1,17.8,54
118,5,5.9,27
119,3,0.5,24
120,3,39.2,62
121,7,18.0,69
122,2,0.9,57
123,9,36.2,66
124,10,5.1,24
125,3,6.2,57
126,1,2.2,24
127,4,5.9,44
128,9,4.6,64
129,3,29.2,48
130,3,16.5,37
131,6,1.2,48
132,4,24.2,48
133,2,3.8,39
134,8,24.5,46
135,8,4.0,36
136,4,8.3,44
137,4,0.9,36
138,2,9.9,47
139,9,7.7,39
140,9,19.9,47
141,2,23.5,43
142,5,4.0,38
143,7,1.1,24
144,6,19.1,44
145,9,19.0,49
146,10,4.5,29
147,7,4.4,34
148,9,2.3,22
149,4,28.9,65
150,6,11.9,45
151,2,12.9,61
152,9,36.1,68
153,6,15.5,41
154,9,20.4,47
155,7,2.7,30
156,3,30.1,65
157,7,23.0,61
158,5,32.6,57
159,10,5.0,40
160,8,26.4,60
161,4,14.4,50
162,3,17.3,54
163,9,3.8,64
164,6,25.5,64
165,4,7.5,27
166,4,12.8,65
167,4,0.8,31
168,2,21.0,52
169,10,14.0,51
170,7,11.6,34
171,3,14.3,53
172,2,27.7,63
173,9,7.2,49
174,4,2.1,51
175,8,5.3,29
176,9,21.5,64
177,8,13.0,60
178,9,32.7,61
179,9,25.8,49
180,8,28.8,50
181,4,8.7,50
182,9,11.5,62
183,5,22.1,53
184,5,2.9,50
185,6,5.5,37
186,3,3.5,56
187,3,7.2,36
188,7,9.0,67
189,8,10.3,48
190,7,2.3,48
191,10,25.4,46
192,10,1.3,66
193,6,13.6,46
194,7,17.5,41
195,9,28.5,56
196,8,36.0,60
197,8,5.3,36
198,7,2.2,23
199,8,7.0,68
200,9,11.8,30
201,10,4.6,23
202,2,26.7,58
203,8,17.4,63
204,7,1.2,33
205,6,5.5,42
206,7,19.2,43
207,7,15.9,39
208,8,16.8,38
209,1,3.9,23
210,2,6.2,44
211,1,2.1,63
212,1,4.2,37
213,3,6.5,61
214,10,22.9,52
215,5,8.2,35
216,10,4.9,45
217,3,28.9,69
218,1,2.9,41
219,7,13.5,41
220,4,27.3,47
221,4,4.9,26
222,5,7.1,28
223,2,24.2,65
224,6,31.4,58
225,6,16.6,56
226,6,4.3,26
227,8,3.5,22
228,6,4.6,28
229,8,35.7,62
230,3,6.5,67
231,5,21.1,68
232,9,32.4,61
233,10,16.1,52
234,4,7.1,39
235,8,2.9,27
236,10,14.4,37
237,6,26.9,61
238,6,2.7,23
239,6,7.6,33
240,10,7.1,38
241,9,35.3,66
242,4,2.3,22
243,7,2.6,27
244,4,19.7,53
245,8,19.3,66
246,2,25.5,50
247,4,5.3,40
248,6,15.4,41
249,6,19.0,52
250,9,30.9,49
251,8,9.1,43
252,4,6.8,39
253,6,8.1,29
254,3,8.3,29
255,8,3.9,34
256,9,15.4,39
257,2,11.7,60
258,6,5.1,34
259,9,4.9,33
260,1,3.7,30
261,3,11.7,57
262,8,34.8,62
263,10,8.8,28
264,8,10.6,40
265,1,5.0,43
266,8,18.9,38
267,7,9.1,29
268,1,3.1,53
269,10,2.4,31
270,4,2.4,41
271,7,6.4,29
272,10,24.0,60
273,7,14.1,36
274,5,29.1,50
275,5,39.6,59
276,10,25.0,58
277,4,4.4,69
278,2,8.8,62
279,9,3.7,32
280,7,1.7,26
281,8,22.2,50
282,5,1.2,40
283,8,11.7,67
284,5,5.7,26
285,4,23.8,62
286,4,4.0,49
287,5,6.4,63
288,3,1.4,31
289,10,13.9,41
290,8,9.9,40
291,7,12.5,66
292,8,10.8,39
293,1,3.0,50
294,10,22.9,49
295,4,1.0,38
296,10,33.5,65
297,5,38.1,59
298,3,2.1,58
299,8,17.9,52
300,10,4.2,39
301,8,19.9,49
302,7,4.5,27
303,2,8.4,43
304,8,5.0,32
305,7,14.7,40
306,8,22.2,70
307,6,3.2,27
308,7,10.7,29
309,1,29.8,54
310,8,34.8,64
311,9,2.1,48
312,8,17.0,45
313,1,18.0,62
314,3,4.9,35
315,8,9.9,40
316,10,0.8,29
317,5,13.6,37
318,7,1.0,57
319,2,2.4,27
320,3,31.3,51
321,5,32.7,53
322,7,25.5,54
323,4,33.3,52
324,7,18.4,51
325,9,14.8,34
326,2,35.2,69
327,7,16.3,39
328,9,23.4,43
329,5,17.3,39
330,10,12.3,68
331,8,40.0,59
332,8,6.1,31
333,9,9.0,44
334,6,13.0,46
335,4,15.7,34
336,7,15.6,58
337,8,2.2,24
338,7,36.6,67
339,3,27.7,46
340,3,33.8,53
341,6,34.8,54
342,8,8.8,28
343,8,5.5,28
344,7,3.0,22
345,2,38.8,63
346,5,26.7,52
347,7,15.8,43
348,6,3.7,63
349,7,34.4,65
350,8,15.2,42
351,2,1.8,56
352,5,12.2,37
353,7,13.6,36
354,2,7.7,28
355,5,5.7,50
356,1,0.7,23
357,7,8.2,40
358,7,3.6,31
359,3,27.4,58
360,10,2.9,32
361,4,17.5,46
362,3,32.0,53
363,5,8.6,36
364,1,8.8,51
365,9,29.8,51
366,6,1.5,32
367,7,12.3,59
368,5,10.4,66
369,8,16.0,34
370,10,2.8,28
371,5,15.2,44
372,7,4.9,23
373,1,0.7,39
374,5,29.9,60
375,6,11.1,36
376,10,11.6,36
377,3,13.7,38
378,1,4.3,62
379,1,18.2,41
380,3,14.9,59
381,6,8.2,27
382,4,16.9,69
383,6,9.5,30
384,5,18.8,55
385,8,4.0,32
386,6,16.6,40
387,2,5.4,29
388,4,9.9,31
389,7,29.1,65
390,7,14.6,57
391,2,1.4,22
392,5,12.5,51
393,6,15.6,59
394,8,6.9,28
395,9,3.3,23
396,4,22.0,42
397,8,3.0,63
398,7,12.4,66
399,1,2.0,29
400,2,22.9,41
